{"epochs": [0, 1, 2, 3, 4, 5, 6, 7, 8, 9, 10, 11, 12, 13, 14, 15, 16, 17, 18, 19], "train_loss": [0.23586982586906136, 0.08883372463363533, 0.08485750435696295, 0.08273364387763044, 0.08140101439785212, 0.07852317607418323, 0.0724298381372743, 0.06918515848422734, 0.06989959457035487, 0.06229720813304691, 0.0600512862440155, 0.06591460852450837, 0.04727466424944093, 0.03568358679702518, 0.03108711615557998, 0.03368199561576451, 0.023527938406049505, 0.04719051827064883, 0.022556359991979965, 0.017696546069472182], "train_accuracy": [0.9215555555555556, 0.9682222222222222, 0.9682222222222222, 0.9682222222222222, 0.9682222222222222, 0.9682222222222222, 0.9682222222222222, 0.9682222222222222, 0.9682222222222222, 0.9682222222222222, 0.9682222222222222, 0.9682222222222222, 0.9682222222222222, 0.9682222222222222, 0.9754444444444444, 0.9773333333333334, 0.979, 0.9751111111111112, 0.9775555555555555, 0.9803888888888889]}