{"epochs": [0, 1, 2, 3, 4, 5, 6, 7, 8, 9, 10, 11, 12, 13, 14, 15, 16, 17, 18, 19], "train_loss": [0.1277966565759026, 0.05521810973609871, 0.051752030369243585, 0.05096657670264393, 0.04837966678784918, 0.04909335510185198, 0.03751378261215467, 0.015354705386885194, 0.015483075829476167, 0.02051605410258316, 0.009605452835686708, 0.009911865852437399, 0.008586487313826571, 0.008870374126719793, 0.008650543108239196, 0.00814212525460624, 0.007978090756735817, 0.009412543190298174, 0.007129595374263393, 0.007170651208292175], "train_accuracy": [0.9475341226151874, 0.9916107382550335, 0.9916107382550335, 0.9916107382550335, 0.9916107382550335, 0.9916107382550335, 0.9926853178493327, 0.9965500339340925, 0.996606590754845, 0.995437749792625, 0.996889374858608, 0.996889374858608, 0.997285272603876, 0.9974172385189654, 0.9974549430661338, 0.9974360907925496, 0.9973041248774602, 0.9975680567076389, 0.9976057612548074, 0.9975869089812232]}