{"epochs": [0, 1, 2, 3, 4, 5, 6, 7, 8, 9, 10, 11, 12, 13, 14, 15, 16, 17, 18, 19], "train_loss": [0.3471813788148413, 0.08907966004032157, 0.06392157117887917, 0.061371358295825, 0.05969848233022882, 0.05887239302723578, 0.06083811646989387, 0.0553725886212659, 0.05822792121869548, 0.052779599140699754, 0.054052122895263385, 0.05257999774510659, 0.052099143900392164, 0.04993955730350387, 0.05283965837727362, 0.05621693335587589, 0.04970664332001462, 0.04688256093642086, 0.045547140661554346, 0.04630000134925469], "train_accuracy": [0.9881481481481481, 0.9881481481481481, 0.9881481481481481, 0.9881481481481481, 0.9881481481481481, 0.9881481481481481, 0.9881481481481481, 0.9881481481481481, 0.9881481481481481, 0.9881481481481481, 0.9881481481481481, 0.9881481481481481, 0.9881481481481481, 0.9881481481481481, 0.9881481481481481, 0.9881481481481481, 0.9881481481481481, 0.9881481481481481, 0.9881481481481481, 0.9881481481481481]}