{"epochs": [0, 1, 2, 3, 4, 5, 6, 7, 8, 9, 10, 11, 12, 13, 14, 15, 16, 17, 18, 19, 20, 21, 22, 23, 24, 25, 26, 27, 28, 29, 30, 31, 32, 33, 34, 35, 36, 37, 38, 39, 40, 41, 42, 43, 44, 45, 46, 47, 48, 49], "train_loss": [0.10587770815759208, 0.05681720803370941, 0.05163281017949077, 0.047962040483122276, 0.025637053803940147, 0.01600782662684548, 0.015897300223581944, 0.009931828661165846, 0.00918795032700076, 0.00754087332407841, 0.0076670873493822145, 0.007864682376900536, 0.008582472254423476, 0.007729185271500443, 0.007216547357840853, 0.007033417464984354, 0.006505405285923314, 0.007856387247350037, 0.007950175121635898, 0.006240506855792357, 0.00589032257628758, 0.006232161378617417, 0.00708881144194846, 0.006034480898479767, 0.00610558140048687, 0.005761530369626799, 0.0062262863652999, 0.005409614930543767, 0.006356316867065296, 0.0060080408047719506, 0.006367510425271721, 0.0053589923891323495, 0.004732034519034313, 0.005519046873703389, 0.005056824509894068, 0.0046397030504810605, 0.005293931746197338, 0.006647518946018996, 0.0054571339696551984, 0.005491833404711944, 0.006439207234632957, 0.0049453301923165945, 0.004684321221691966, 0.006063431429359933, 0.004751019650768245, 0.004463049868837165, 0.004238590632298001, 0.005249744373409042, 0.007594906903176477, 0.0047873064753091105], "train_accuracy": [0.9916107382550335, 0.9916107382550335, 0.9916107382550335, 0.9916107382550335, 0.9936090792549581, 0.995532011160546, 0.9959090566322298, 0.9972098635095392, 0.997285272603876, 0.9975680567076389, 0.9974549430661338, 0.9974926476133021, 0.997285272603876, 0.9973983862453812, 0.9975869089812232, 0.9976434658019757, 0.9973041248774602, 0.997379533971797, 0.9977942839906493, 0.9976434658019757, 0.9976057612548074, 0.9973041248774602, 0.9975303521604706, 0.9975114998868864, 0.9978696930849861, 0.9975869089812232, 0.9976057612548074, 0.9975492044340547, 0.9974926476133021, 0.9979828067264912, 0.9973229771510445, 0.9976057612548074, 0.9980016590000754, 0.9976057612548074, 0.9978508408114019, 0.9980016590000754, 0.9977377271698967, 0.9975114998868864, 0.9977377271698967, 0.997681170349144, 0.9976434658019757, 0.9977000226227283, 0.9977942839906493, 0.9978508408114019, 0.9978131362642335, 0.9979262499057386, 0.9978696930849861, 0.9978885453585702, 0.9969459316793605, 0.9977565794434808]}