{"epochs": [0, 1, 2, 3, 4, 5, 6, 7, 8, 9, 10, 11, 12, 13, 14, 15, 16, 17, 18, 19], "train_loss": [0.13026316137984395, 0.06504904825447334, 0.06485911970958114, 0.0650823735114601, 0.06515777012747195, 0.06490367092192173, 0.06486583239812818, 0.0650087970878101, 0.06468066086785661, 0.06488112763812144, 0.06496535179515679, 0.06581313962427278, 0.06574697963272531, 0.0664817113429308, 0.06513654122439523, 0.06446263240650296, 0.06572960862993366, 0.06502313319490188, 0.06510263153662284, 0.06485458184033632], "train_accuracy": [0.9644444444444444, 0.9881481481481481, 0.9881481481481481, 0.9881481481481481, 0.9881481481481481, 0.9881481481481481, 0.9881481481481481, 0.9881481481481481, 0.9881481481481481, 0.9881481481481481, 0.9881481481481481, 0.9881481481481481, 0.9881481481481481, 0.9881481481481481, 0.9881481481481481, 0.9881481481481481, 0.9881481481481481, 0.9881481481481481, 0.9881481481481481, 0.9881481481481481]}