{"epochs": [0, 1, 2, 3, 4, 5, 6, 7, 8, 9, 10, 11, 12, 13, 14, 15, 16, 17, 18, 19, 20, 21, 22, 23, 24, 25, 26, 27, 28, 29], "train_loss": [0.36189845886214506, 0.28510106867179275, 0.28180973551103045, 0.2750435264648071, 0.21059008528079307, 0.19266610891957367, 0.18248082930222154, 0.17333303611459477, 0.17365158781675355, 0.15822286331760033, 0.15292700912271226, 0.14897733367979527, 0.14236877047057664, 0.1398414411981191, 0.13736191112548113, 0.137980823405087, 0.13389796590698616, 0.13185103995991604, 0.14089677216751234, 0.1296586842675294, 0.13086212067199604, 0.12945780610399588, 0.1274996241554618, 0.12615829360272204, 0.12665589566209487, 0.12546058930456638, 0.12512290318097388, 0.12411700854344028, 0.12431053325001683, 0.12341210379132203], "train_accuracy": [0.9079831932773109, 0.9297268907563025, 0.9297268907563025, 0.9297268907563025, 0.9485294117647058, 0.935609243697479, 0.9307773109243698, 0.9262605042016807, 0.903781512605042, 0.8976890756302521, 0.8977941176470589, 0.9, 0.9012605042016807, 0.9009453781512605, 0.901155462184874, 0.8975840336134454, 0.9059873949579832, 0.9036764705882353, 0.901890756302521, 0.9045168067226891, 0.9055672268907563, 0.9014705882352941, 0.9042016806722689, 0.9053571428571429, 0.9044117647058824, 0.9046218487394958, 0.9044117647058824, 0.9058823529411765, 0.9048319327731092, 0.9061974789915966]}