{"epochs": [0, 1, 2, 3, 4, 5, 6, 7, 8, 9, 10, 11, 12, 13, 14, 15, 16, 17, 18, 19, 20, 21, 22, 23, 24, 25, 26, 27, 28, 29, 30, 31, 32, 33, 34, 35, 36, 37, 38, 39, 40, 41, 42, 43, 44, 45, 46, 47, 48, 49], "train_loss": [0.20009308946339438, 0.17989954441818634, 0.17562001743374417, 0.17530219431654734, 0.1756721959174467, 0.17545287887102182, 0.17452941100535677, 0.17401288719724717, 0.17102772319927353, 0.1716658227096439, 0.1709649576087552, 0.1713007565029786, 0.1667484810969706, 0.16664578918663023, 0.1704825661699021, 0.16348267237077332, 0.15851129144266052, 0.1447031544952239, 0.1280714845293025, 0.11432154017545709, 0.10505259853463604, 0.08297212306196732, 0.07183704211782779, 0.06316796069070368, 0.0574248482602431, 0.060772238233606724, 0.05428447936546665, 0.05525886097570085, 0.05076353496252375, 0.06465577876137873, 0.0511074644269315, 0.05156938921729932, 0.050812930217431246, 0.05046679883875314, 0.04710489203989309, 0.04918328428636859, 0.04646399514011153, 0.047508222762790674, 0.04843705110374986, 0.04628642111409472, 0.046282845942123015, 0.050449744324376274, 0.04567764278312546, 0.05116245318983686, 0.05212729243204687, 0.060195667035303324, 0.05357176371612114, 0.04977642836270747, 0.04734556644535439, 0.04658188214546094], "train_accuracy": [3.8039949309033854, 3.8166676724398045, 3.811357190272162, 3.8175125218755657, 3.8218574618309096, 3.8218574618309096, 3.8218574618309096, 3.8218574618309096, 3.8218574618309096, 3.8218574618309096, 3.8218574618309096, 3.8218574618309096, 3.8218574618309096, 3.819503952688432, 3.8218574618309096, 3.8204091485124616, 3.8204091485124616, 3.8313318447890894, 3.8286162573169995, 3.8618671172530323, 3.86017741838151, 3.915696095588679, 3.9188341077786495, 3.9307223462675758, 3.9436968197453384, 3.940679500331905, 3.9487055699716374, 3.944843401122443, 3.951360811055458, 3.931748234868143, 3.95443847685716, 3.953895359362742, 3.955041940739847, 3.952507392432563, 3.95624886850522, 3.9536539738096677, 3.9604127692957576, 3.9554643654577273, 3.95534367268119, 3.9572747571057874, 3.957335103494056, 3.9506366543962343, 3.9575161426588616, 3.951059079114115, 3.947981413312413, 3.943576126968801, 3.953412588256593, 3.9526280852091, 3.9560074829521454, 3.95624886850522]}