{"epochs": [0, 1, 2, 3, 4, 5, 6, 7, 8, 9, 10, 11, 12, 13, 14, 15, 16, 17, 18, 19, 20, 21, 22, 23, 24, 25, 26, 27, 28, 29, 30, 31, 32, 33, 34, 35, 36, 37, 38, 39, 40, 41, 42, 43, 44, 45, 46, 47, 48, 49], "train_loss": [0.19572338032729036, 0.18329364656663544, 0.1791893177571407, 0.1754171689438925, 0.17537408048032663, 0.17706009890834928, 0.17724745960225094, 0.17557840115731246, 0.17390499209025095, 0.1748609572140262, 0.16982495527107286, 0.17547284652959014, 0.17189232867604967, 0.17677190923644845, 0.16533317270848719, 0.16853893898624417, 0.17005486820007998, 0.17249442574605017, 0.16877169534564018, 0.1684226910152887, 0.17024013337716132, 0.1704512588384393, 0.16602531152609162, 0.1719099205635521, 0.16745625546259502, 0.17131527980978267, 0.1703648619960977, 0.17071167409157437, 0.16853649915085228, 0.17068336277970397, 0.16979370098807214, 0.17110467462550175, 0.17010061572498686, 0.171335642279376, 0.16749080914659384, 0.17133954918167926, 0.1676982794006228, 0.1684619741276366, 0.1747861242553605, 0.1709429891328717, 0.17059641740067416, 0.1712032829858527, 0.17059268516853518, 0.17184064527440177, 0.16959075756896172, 0.17383545427070315, 0.17120235844100887, 0.16691871234400418, 0.16633309167091803, 0.17088600880741286], "train_accuracy": [3.8208919196186106, 3.8218574618309096, 3.8218574618309096, 3.8218574618309096, 3.8218574618309096, 3.8218574618309096, 3.8218574618309096, 3.8218574618309096, 3.8218574618309096, 3.8218574618309096, 3.8218574618309096, 3.8218574618309096, 3.8218574618309096, 3.8218574618309096, 3.8218574618309096, 3.8218574618309096, 3.8218574618309096, 3.8218574618309096, 3.8218574618309096, 3.8218574618309096, 3.8218574618309096, 3.8218574618309096, 3.8218574618309096, 3.8218574618309096, 3.8218574618309096, 3.8218574618309096, 3.8218574618309096, 3.8218574618309096, 3.8218574618309096, 3.8218574618309096, 3.8218574618309096, 3.8218574618309096, 3.8218574618309096, 3.8218574618309096, 3.8218574618309096, 3.8218574618309096, 3.8218574618309096, 3.8218574618309096, 3.8218574618309096, 3.8218574618309096, 3.8218574618309096, 3.8218574618309096, 3.8218574618309096, 3.8218574618309096, 3.8218574618309096, 3.8218574618309096, 3.8218574618309096, 3.8218574618309096, 3.8218574618309096, 3.8218574618309096]}