{"epochs": [0, 1, 2, 3, 4, 5, 6, 7, 8, 9, 10, 11, 12, 13, 14, 15, 16, 17, 18, 19, 20, 21, 22, 23, 24, 25, 26, 27, 28, 29], "train_loss": [1.214369920931658, 1.1948663432413655, 1.1797392631712726, 1.1713940377392302, 1.1591833648210317, 1.1430431773746592, 1.140345492240222, 1.1336841374340298, 1.0787169573918838, 1.0468637611766218, 1.0041155973326268, 0.9599499252136583, 0.9256131947040558, 0.9019382634745821, 0.892884723809322, 0.8891524576668172, 0.8870822982903619, 0.885836876567765, 0.88511308371233, 0.8847128139718514, 0.8844796186764334, 0.8843345649967109, 0.8842391908693944, 0.8841736182767389, 0.8841268235103674, 0.8840924395075979, 0.8840667050052845, 0.8840470807667871, 0.8840319197871086, 0.8840201739960305], "train_accuracy": [3.815098666344819, 3.8218574618309096, 3.8218574618309096, 3.8218574618309096, 3.8218574618309096, 3.8218574618309096, 3.8218574618309096, 3.8218574618309096, 3.8218574618309096, 3.8218574618309096, 3.8218574618309096, 3.8218574618309096, 3.8218574618309096, 3.8218574618309096, 3.8218574618309096, 3.8218574618309096, 3.8218574618309096, 3.8218574618309096, 3.8218574618309096, 3.8218574618309096, 3.8218574618309096, 3.8218574618309096, 3.8218574618309096, 3.8218574618309096, 3.8218574618309096, 3.8218574618309096, 3.8218574618309096, 3.8218574618309096, 3.8218574618309096, 3.8218574618309096]}