{"epochs": [0, 1, 2, 3, 4, 5, 6, 7, 8, 9, 10, 11, 12, 13, 14, 15, 16, 17, 18, 19, 20, 21, 22, 23, 24], "train_loss": [0.2124578683700675, 0.1899499144684113, 0.18703503095204346, 0.18650252785172625, 0.18647623218858558, 0.18503892978054312, 0.18453075324025187, 0.18411497489881543, 0.19077719061836468, 0.18452342497472066, 0.1850189248116334, 0.18525692506278926, 0.18536988644561184, 0.1856671770099173, 0.18586091266838334, 0.18589225960362063, 0.18570021347097626, 0.18513926683970222, 0.18275242299662026, 0.19109337455449454, 0.18471587945744067, 0.1906298590988887, 0.185071220982508, 0.18382040695143692, 0.18102967458477628], "train_accuracy": [3.820167762959387, 3.8218574618309096, 3.8218574618309096, 3.8218574618309096, 3.8218574618309096, 3.8218574618309096, 3.8218574618309096, 3.8218574618309096, 3.8218574618309096, 3.8218574618309096, 3.8218574618309096, 3.8218574618309096, 3.8218574618309096, 3.8218574618309096, 3.8218574618309096, 3.8218574618309096, 3.8218574618309096, 3.8218574618309096, 3.8218574618309096, 3.8218574618309096, 3.8218574618309096, 3.8218574618309096, 3.8218574618309096, 3.8218574618309096, 3.8218574618309096]}