{"epochs": [0, 1, 2, 3, 4, 5, 6, 7, 8, 9, 10, 11, 12, 13, 14, 15, 16, 17, 18, 19, 20, 21, 22, 23, 24], "train_loss": [0.22359535846954737, 0.19465941607187956, 0.17916221651368033, 0.08448940592889602, 0.0686841532904416, 0.06059367227105376, 0.05343585726924432, 0.048246862644998306, 0.04589350130289602, 0.042230696303363985, 0.03903057643463119, 0.03796429107777583, 0.03380949473954761, 0.03289716283459431, 0.034135632091410795, 0.03121612285433982, 0.030009419634977046, 0.031212167442591192, 0.02851866230007428, 0.024067954921972556, 0.023415629127218077, 0.02580787750059524, 0.025028247712105392, 0.023307930497760074, 0.022235153316638064], "train_accuracy": [3.761152089919213, 3.783350895679663, 3.795609413417633, 3.908113804004215, 3.923568668774148, 3.9338953284158764, 3.9407446434843694, 3.9461538461538463, 3.9460133473832104, 3.9494906919564454, 3.9544432736213557, 3.9541622760800843, 3.959360730593607, 3.960344221988058, 3.958868984896382, 3.960730593607306, 3.958868984896382, 3.9582718651211803, 3.9605900948366703, 3.965472427116263, 3.9651211801896733, 3.9633298208640673, 3.9632595714787495, 3.965367053038286, 3.965929048120829]}