{"epochs": [0, 1, 2, 3, 4, 5, 6, 7, 8, 9, 10, 11, 12, 13, 14, 15, 16, 17, 18, 19, 20, 21, 22, 23, 24, 25, 26, 27, 28, 29, 30, 31, 32, 33, 34, 35, 36, 37, 38, 39], "train_loss": [0.23536954504939225, 0.1986791523431356, 0.07837013357533858, 0.05033477463544561, 0.03706130885734008, 0.03356826073131882, 0.02907181674095157, 0.02620090533567306, 0.023257741664196006, 0.025018090018017504, 0.021047832640962532, 0.020972121409633053, 0.01804281268497177, 0.01887865792395762, 0.012281358319719752, 0.017019744931917206, 0.01791535918238179, 0.01511217559763911, 0.01613846393012164, 0.013850340072732741, 0.01280298916231214, 0.01252200090140552, 0.011330303813827833, 0.00954641034947529, 0.011375058443048217, 0.014167623133767987, 0.010854629891624567, 0.014706380182671218, 0.010293487233776922, 0.009021893753144048, 0.012533104755980625, 0.009504687482493375, 0.009428172835827213, 0.006983214968327397, 0.007466621455566313, 0.010937183961572233, 0.009646711962089355, 0.011676828531322266, 0.010598822903893261, 0.011844110776706097], "train_accuracy": [3.751780821917808, 3.7673340358271865, 3.9200421496311906, 3.9455426765015806, 3.956122233930453, 3.959831401475237, 3.96463645943098, 3.965100105374078, 3.969736564805058, 3.967881981032666, 3.972223393045311, 3.9738250790305587, 3.9756375131717596, 3.9726027397260273, 3.9808219178082194, 3.9769020021074817, 3.9764805057955743, 3.9787565858798737, 3.9750474183350897, 3.9800210748155953, 3.9800210748155953, 3.981159114857745, 3.98377239199157, 3.98550052687039, 3.9831401475237094, 3.97913593256059, 3.9825922023182296, 3.979768177028451, 3.9844467860906216, 3.9867650158061116, 3.98145416227608, 3.9861749209694417, 3.9857112750263437, 3.988113804004215, 3.9880295047418337, 3.9830979978925183, 3.9847839831401477, 3.9834351949420443, 3.9836037934668074, 3.9827608008429927]}