{"epochs": [0, 1, 2, 3, 4, 5, 6, 7, 8, 9, 10, 11, 12, 13, 14, 15, 16, 17, 18, 19, 20, 21, 22, 23, 24, 25, 26, 27, 28, 29, 30, 31, 32, 33, 34, 35, 36, 37, 38, 39, 40, 41, 42, 43, 44, 45, 46, 47, 48, 49], "train_loss": [0.3040941303093282, 0.2706017528616247, 0.1691323026039061, 0.07665260354175217, 0.06292840883963638, 0.04887139475756576, 0.04094010743881679, 0.036964432702636316, 0.03430161939209534, 0.032225739700527535, 0.030130339298205126, 0.026342528349431675, 0.025032404859897696, 0.023329592649159688, 0.02408291355037825, 0.02106135360017005, 0.02161661841128657, 0.021547390836834285, 0.018491539426354897, 0.02017934869592344, 0.017165441931750153, 0.018303404550995706, 0.015762493794225896, 0.01565842190166078, 0.013119675522131499, 0.012817027849040829, 0.014115216830603978, 0.012831586302444709, 0.011395207110058796, 0.012632947034615514, 0.010349161257955342, 0.009966663242131102, 0.015428146623474146, 0.011040062466920408, 0.00974853670029136, 0.009389375188997262, 0.010311938245851908, 0.011803642658439155, 0.00972774334918035, 0.006775047415373145, 0.007300424916915261, 0.008793512194143472, 0.013870277332794752, 0.007083478301755681, 0.014441639042383434, 0.011608147989976541, 0.006545641725004691, 0.006586964727616832, 0.006847922999856694, 0.007066012221669856], "train_accuracy": [3.6528417818740397, 3.6818023553507424, 3.7997542242703535, 3.90984126984127, 3.9272708653353816, 3.940542754736303, 3.9497388632872505, 3.953978494623656, 3.957009728622632, 3.9598975934459806, 3.9604710701484893, 3.9658986175115207, 3.9664516129032257, 3.9679672299027136, 3.9674756784434204, 3.970506912442396, 3.970445468509985, 3.9701792114695342, 3.9718177163338453, 3.9717972350230415, 3.973558627752176, 3.97284178187404, 3.9759959037378394, 3.97542242703533, 3.9790066564260114, 3.978740399385561, 3.9759549411162314, 3.9777982590885816, 3.9791500256016383, 3.9785765488991296, 3.98078853046595, 3.9813620071684586, 3.975258576548899, 3.9799078341013825, 3.9822017409114183, 3.981505376344086, 3.980972862263185, 3.9790066564260114, 3.9817921146953403, 3.9855401945724527, 3.984741423451101, 3.982508960573477, 3.976610343061956, 3.985110087045571, 3.9766717869943675, 3.9786994367639528, 3.98568356374808, 3.985847414234511, 3.9854173067076295, 3.985048643113159]}