{"epochs": [0, 1, 2, 3, 4, 5, 6, 7, 8, 9, 10, 11, 12, 13, 14, 15, 16, 17, 18, 19, 20, 21, 22, 23, 24, 25, 26, 27, 28, 29, 30, 31, 32, 33, 34, 35, 36, 37, 38, 39, 40, 41, 42, 43, 44, 45, 46, 47, 48, 49, 50, 51, 52, 53, 54, 55, 56, 57, 58, 59, 60, 61, 62, 63, 64, 65, 66, 67, 68, 69], "train_loss": [0.29939332011909714, 0.2445967931832586, 0.08792372118415577, 0.05534119501650806, 0.05123399385650243, 0.04439896762681504, 0.04062813939378848, 0.034529410746865094, 0.032993221634422386, 0.027021104432383758, 0.025443342171927234, 0.02756702698016953, 0.026259645828348954, 0.02213706932222796, 0.02184857267605525, 0.020761427301211312, 0.019994032835506555, 0.01943301140341819, 0.015059680037204147, 0.0162755011855292, 0.01684760980867958, 0.013901977630199066, 0.015193527445034494, 0.015746293985146275, 0.015803005738324293, 0.014668330356815001, 0.012244379334913989, 0.012959725385492978, 0.010533842757978987, 0.01091079891584019, 0.011944610215002848, 0.010346406474127434, 0.011687347922143378, 0.010459781958562661, 0.011570872618626925, 0.01050665542332729, 0.008666290878647401, 0.00789251899766405, 0.009682578807093835, 0.011159804975844935, 0.00879950085973611, 0.0087779095617681, 0.008494892321242434, 0.0076016562912656575, 0.007936239421143822, 0.007539638730633583, 0.0069929177869949306, 0.008081077915694406, 0.0053579479653207175, 0.006299747548554377, 0.006439726336860091, 0.005873827605018815, 0.004478449158145056, 0.006817782041888143, 0.009089353601614546, 0.0034077051912679472, 0.006916495325888733, 0.004577471427390785, 0.006625135575583073, 0.004730495847835545, 0.00567795984103531, 0.009197681204201967, 0.005101893127958026, 0.005567686950015496, 0.006041340194855048, 0.005673157897105003, 0.007288506116911155, 0.00438110882457136, 0.00471635692709473, 0.005925576178237356], "train_accuracy": [3.647147977470558, 3.7082232462877625, 3.900358422939068, 3.9364669738863287, 3.9385970302099333, 3.9451920122887865, 3.9510701484895034, 3.957726574500768, 3.9604505888376855, 3.966246799795187, 3.9668612391193037, 3.964690220174091, 3.967741935483871, 3.9714285714285715, 3.9698924731182794, 3.9712647209421403, 3.9715924219150027, 3.972083973374296, 3.977532002048131, 3.97542242703533, 3.9748079877112135, 3.9781669226830516, 3.975606758832565, 3.9752176139272914, 3.976589861751152, 3.9772452636968767, 3.9795186891961087, 3.9789861751152076, 3.981013824884793, 3.980542754736303, 3.9793138760880695, 3.98189452124936, 3.9798463901689707, 3.981443932411674, 3.9800307219662057, 3.981013824884793, 3.983553507424475, 3.984270353302611, 3.982508960573477, 3.9794777265745007, 3.9836354326676906, 3.9835739887352792, 3.983594470046083, 3.983942652329749, 3.9827342549923195, 3.98373783922171, 3.9847823860727085, 3.9840040962621606, 3.9870762928827443, 3.986543778801843, 3.98605222734255, 3.987137736815156, 3.988120839733743, 3.985335381464414, 3.9814234511008704, 3.9897388632872506, 3.9852124935995903, 3.9880389144905273, 3.9851920122887865, 3.9880389144905273, 3.9874654377880185, 3.9843932411674348, 3.987936507936508, 3.986953405017921, 3.9854992319508447, 3.986850998463902, 3.9848028673835127, 3.9884280593958015, 3.9881413210445467, 3.986912442396313]}